onset	duration	sample	value
1.134	n/a	567	250
1.196	n/a	598	134
9.212	n/a	4606	130
9.95	n/a	4975	250
10.012	n/a	5006	103
11.034	n/a	5517	101
11.934	n/a	5967	51
12.334	n/a	6167	98
12.734	n/a	6367	52
13.136	n/a	6568	53
13.536	n/a	6768	54
13.936	n/a	6968	55
14.336	n/a	7168	98
14.736	n/a	7368	56
15.318	n/a	7659	251
15.536	n/a	7768	102
16.32	n/a	8160	251
17.328	n/a	8664	103
18.348	n/a	9174	101
19.25	n/a	9625	31
19.65	n/a	9825	32
20.05	n/a	10025	33
20.45	n/a	10225	34
20.85	n/a	10425	35
21.25	n/a	10625	36
22.052	n/a	11026	102
22.374	n/a	11187	252
23.382	n/a	11691	103
24.404	n/a	12202	101
25.304	n/a	12652	11
25.704	n/a	12852	12
26.104	n/a	13052	13
26.504	n/a	13252	14
26.904	n/a	13452	15
27.306	n/a	13653	98
27.706	n/a	13853	98
28.106	n/a	14053	98
28.506	n/a	14253	16
29.306	n/a	14653	102
29.538	n/a	14769	251
30.548	n/a	15274	103
31.568	n/a	15784	101
32.468	n/a	16234	51
32.87	n/a	16435	52
33.27	n/a	16635	53
33.67	n/a	16835	54
34.07	n/a	17035	55
34.47	n/a	17235	98
34.87	n/a	17435	56
35.672	n/a	17836	102
36.074	n/a	18037	251
37.082	n/a	18541	103
38.102	n/a	19051	101
39.004	n/a	19502	11
39.404	n/a	19702	12
39.804	n/a	19902	13
40.204	n/a	20102	14
40.604	n/a	20302	15
41.006	n/a	20503	98
41.406	n/a	20703	98
41.806	n/a	20903	16
42.606	n/a	21303	102
42.97	n/a	21485	251
43.978	n/a	21989	103
44.998	n/a	22499	101
45.898	n/a	22949	31
46.298	n/a	23149	98
46.7	n/a	23350	32
47.1	n/a	23550	33
47.5	n/a	23750	34
47.9	n/a	23950	35
48.3	n/a	24150	36
49.1	n/a	24550	102
49.346	n/a	24673	252
50.362	n/a	25181	103
51.382	n/a	25691	101
52.284	n/a	26142	41
52.684	n/a	26342	98
53.084	n/a	26542	42
53.484	n/a	26742	43
53.884	n/a	26942	44
54.284	n/a	27142	45
54.684	n/a	27342	98
55.086	n/a	27543	46
55.886	n/a	27943	102
56.15	n/a	28075	252
57.166	n/a	28583	103
58.188	n/a	29094	101
59.088	n/a	29544	71
59.488	n/a	29744	98
59.888	n/a	29944	72
60.288	n/a	30144	73
60.69	n/a	30345	74
61.09	n/a	30545	75
61.49	n/a	30745	98
61.89	n/a	30945	76
62.69	n/a	31345	102
62.874	n/a	31437	252
63.882	n/a	31941	103
64.902	n/a	32451	101
65.802	n/a	32901	51
66.204	n/a	33102	98
66.604	n/a	33302	52
67.004	n/a	33502	53
67.404	n/a	33702	54
67.804	n/a	33902	55
68.204	n/a	34102	56
68.914	n/a	34457	251
69.006	n/a	34503	102
69.916	n/a	34958	251
70.926	n/a	35463	103
71.948	n/a	35974	101
72.848	n/a	36424	71
73.248	n/a	36624	72
73.648	n/a	36824	73
74.048	n/a	37024	74
74.45	n/a	37225	75
74.85	n/a	37425	98
75.25	n/a	37625	98
75.65	n/a	37825	76
76.45	n/a	38225	102
76.778	n/a	38389	251
77.792	n/a	38896	103
78.812	n/a	39406	101
79.722	n/a	39861	51
80.124	n/a	40062	52
80.524	n/a	40262	53
80.924	n/a	40462	54
81.324	n/a	40662	55
81.724	n/a	40862	56
82.524	n/a	41262	102
82.75	n/a	41375	251
83.766	n/a	41883	103
84.786	n/a	42393	101
85.688	n/a	42844	51
86.088	n/a	43044	98
86.488	n/a	43244	52
86.888	n/a	43444	53
87.288	n/a	43644	54
87.688	n/a	43844	55
88.09	n/a	44045	98
88.49	n/a	44245	56
89.29	n/a	44645	102
89.322	n/a	44661	251
90.33	n/a	45165	103
91.352	n/a	45676	101
92.252	n/a	46126	81
92.652	n/a	46326	98
93.052	n/a	46526	82
93.452	n/a	46726	83
93.854	n/a	46927	84
94.254	n/a	47127	85
94.654	n/a	47327	98
95.054	n/a	47527	86
95.854	n/a	47927	102
96.086	n/a	48043	252
97.096	n/a	48548	103
98.116	n/a	49058	101
99.016	n/a	49508	51
99.418	n/a	49709	52
99.818	n/a	49909	53
100.218	n/a	50109	54
100.618	n/a	50309	55
101.018	n/a	50509	56
101.818	n/a	50909	102
102.146	n/a	51073	251
103.16	n/a	51580	103
104.18	n/a	52090	101
105.082	n/a	52541	41
105.482	n/a	52741	98
105.882	n/a	52941	42
106.282	n/a	53141	43
106.682	n/a	53341	44
107.082	n/a	53541	45
107.482	n/a	53741	46
108.284	n/a	54142	102
108.286	n/a	54143	251
109.294	n/a	54647	103
110.316	n/a	55158	101
111.216	n/a	55608	41
111.616	n/a	55808	98
112.016	n/a	56008	42
112.416	n/a	56208	43
112.816	n/a	56408	44
113.218	n/a	56609	45
113.618	n/a	56809	46
114.418	n/a	57209	102
115.338	n/a	57669	252
116.35	n/a	58175	103
117.37	n/a	58685	101
118.27	n/a	59135	41
118.672	n/a	59336	98
119.072	n/a	59536	42
119.472	n/a	59736	43
119.872	n/a	59936	44
120.272	n/a	60136	45
120.672	n/a	60336	98
121.072	n/a	60536	98
121.474	n/a	60737	46
122.274	n/a	61137	102
122.306	n/a	61153	252
123.314	n/a	61657	103
124.336	n/a	62168	101
125.236	n/a	62618	81
125.636	n/a	62818	82
126.036	n/a	63018	83
126.436	n/a	63218	84
126.836	n/a	63418	85
127.238	n/a	63619	98
127.638	n/a	63819	86
128.438	n/a	64219	102
129.778	n/a	64889	251
130.79	n/a	65395	103
131.81	n/a	65905	101
132.712	n/a	66356	21
133.112	n/a	66556	22
133.512	n/a	66756	23
133.912	n/a	66956	24
134.312	n/a	67156	25
134.712	n/a	67356	26
135.482	n/a	67741	251
135.514	n/a	67757	102
136.654	n/a	68327	251
137.664	n/a	68832	103
138.686	n/a	69343	101
139.586	n/a	69793	21
139.986	n/a	69993	22
140.386	n/a	70193	23
140.788	n/a	70394	24
141.188	n/a	70594	25
141.588	n/a	70794	98
141.988	n/a	70994	26
142.788	n/a	71394	102
143.026	n/a	71513	251
144.04	n/a	72020	103
145.06	n/a	72530	101
145.96	n/a	72980	51
146.362	n/a	73181	98
146.762	n/a	73381	52
147.162	n/a	73581	53
147.562	n/a	73781	54
147.962	n/a	73981	55
148.362	n/a	74181	98
148.762	n/a	74381	56
149.564	n/a	74782	102
149.738	n/a	74869	251
150.754	n/a	75377	103
151.774	n/a	75887	101
152.676	n/a	76338	61
153.076	n/a	76538	98
153.476	n/a	76738	62
153.876	n/a	76938	63
154.276	n/a	77138	64
154.676	n/a	77338	65
155.078	n/a	77539	98
155.478	n/a	77739	66
156.278	n/a	78139	102
156.534	n/a	78267	251
157.55	n/a	78775	103
158.57	n/a	79285	101
159.47	n/a	79735	61
159.87	n/a	79935	62
160.272	n/a	80136	63
160.672	n/a	80336	64
161.072	n/a	80536	65
161.472	n/a	80736	98
161.872	n/a	80936	98
162.272	n/a	81136	98
162.672	n/a	81336	66
163.406	n/a	81703	251
163.474	n/a	81737	102
164.408	n/a	82204	251
165.424	n/a	82712	103
166.446	n/a	83223	101
167.346	n/a	83673	21
167.746	n/a	83873	22
168.146	n/a	84073	23
168.548	n/a	84274	24
168.948	n/a	84474	25
169.348	n/a	84674	26
170.148	n/a	85074	102
170.374	n/a	85187	251
171.388	n/a	85694	103
172.41	n/a	86205	101
173.31	n/a	86655	81
173.71	n/a	86855	82
174.11	n/a	87055	83
174.512	n/a	87256	84
174.912	n/a	87456	85
175.312	n/a	87656	98
175.712	n/a	87856	98
176.112	n/a	88056	98
176.512	n/a	88256	98
176.914	n/a	88457	86
177.714	n/a	88857	102
177.914	n/a	88957	251
178.924	n/a	89462	103
179.946	n/a	89973	101
180.846	n/a	90423	81
181.246	n/a	90623	98
181.646	n/a	90823	82
182.046	n/a	91023	83
182.446	n/a	91223	84
182.848	n/a	91424	85
183.248	n/a	91624	86
184.048	n/a	92024	102
184.482	n/a	92241	252
185.49	n/a	92745	103
186.51	n/a	93255	101
187.41	n/a	93705	31
187.81	n/a	93905	98
188.212	n/a	94106	32
188.612	n/a	94306	33
189.012	n/a	94506	34
189.412	n/a	94706	35
189.812	n/a	94906	98
190.212	n/a	95106	98
190.612	n/a	95306	98
191.014	n/a	95507	98
191.414	n/a	95707	36
192.214	n/a	96107	102
192.414	n/a	96207	252
193.424	n/a	96712	103
194.446	n/a	97223	101
195.346	n/a	97673	21
195.746	n/a	97873	98
196.146	n/a	98073	22
196.548	n/a	98274	23
196.948	n/a	98474	24
197.348	n/a	98674	25
197.748	n/a	98874	98
198.148	n/a	99074	26
198.948	n/a	99474	102
199.238	n/a	99619	251
200.25	n/a	100125	103
201.27	n/a	100635	101
202.172	n/a	101086	71
202.572	n/a	101286	98
202.972	n/a	101486	72
203.372	n/a	101686	73
203.772	n/a	101886	74
204.172	n/a	102086	75
204.572	n/a	102286	98
204.974	n/a	102487	98
205.374	n/a	102687	98
205.774	n/a	102887	98
206.174	n/a	103087	98
206.574	n/a	103287	76
207.374	n/a	103687	102
207.574	n/a	103787	251
208.586	n/a	104293	103
209.606	n/a	104803	101
210.508	n/a	105254	11
210.908	n/a	105454	12
211.308	n/a	105654	13
211.708	n/a	105854	14
212.108	n/a	106054	15
212.508	n/a	106254	98
212.908	n/a	106454	16
213.71	n/a	106855	102
213.79	n/a	106895	252
214.8	n/a	107400	103
215.822	n/a	107911	101
216.722	n/a	108361	51
217.122	n/a	108561	52
217.522	n/a	108761	53
217.922	n/a	108961	54
218.322	n/a	109161	55
218.724	n/a	109362	98
219.124	n/a	109562	56
219.924	n/a	109962	102
220.21	n/a	110105	252
221.224	n/a	110612	103
222.246	n/a	111123	101
223.146	n/a	111573	21
223.546	n/a	111773	22
223.946	n/a	111973	23
224.348	n/a	112174	24
224.748	n/a	112374	25
225.148	n/a	112574	98
225.548	n/a	112774	26
226.348	n/a	113174	102
226.906	n/a	113453	252
227.92	n/a	113960	103
228.94	n/a	114470	101
229.842	n/a	114921	71
230.242	n/a	115121	98
230.642	n/a	115321	72
231.042	n/a	115521	73
231.442	n/a	115721	74
231.842	n/a	115921	75
232.242	n/a	116121	98
232.644	n/a	116322	76
233.444	n/a	116722	102
233.654	n/a	116827	252
234.664	n/a	117332	103
235.686	n/a	117843	101
236.586	n/a	118293	81
236.986	n/a	118493	98
237.386	n/a	118693	82
237.786	n/a	118893	83
238.188	n/a	119094	84
238.588	n/a	119294	85
238.988	n/a	119494	98
239.388	n/a	119694	86
240.188	n/a	120094	102
240.414	n/a	120207	252
241.43	n/a	120715	103
242.45	n/a	121225	101
243.35	n/a	121675	61
243.752	n/a	121876	98
244.152	n/a	122076	62
244.552	n/a	122276	63
244.952	n/a	122476	64
245.352	n/a	122676	65
245.752	n/a	122876	66
246.554	n/a	123277	102
246.646	n/a	123323	251
247.654	n/a	123827	130
250.656	n/a	125328	130
254.118	n/a	127059	250
255.13	n/a	127565	103
256.15	n/a	128075	101
257.05	n/a	128525	31
257.45	n/a	128725	98
257.852	n/a	128926	32
258.252	n/a	129126	33
258.652	n/a	129326	34
259.052	n/a	129526	35
259.452	n/a	129726	98
259.852	n/a	129926	98
260.254	n/a	130127	36
261.054	n/a	130527	102
261.25	n/a	130625	252
262.264	n/a	131132	103
263.286	n/a	131643	101
264.186	n/a	132093	61
264.586	n/a	132293	62
264.986	n/a	132493	63
265.386	n/a	132693	64
265.788	n/a	132894	65
266.188	n/a	133094	98
266.588	n/a	133294	66
267.388	n/a	133694	102
267.602	n/a	133801	251
268.61	n/a	134305	103
269.63	n/a	134815	101
270.53	n/a	135265	31
270.93	n/a	135465	32
271.332	n/a	135666	33
271.732	n/a	135866	34
272.132	n/a	136066	35
272.532	n/a	136266	98
272.932	n/a	136466	98
273.332	n/a	136666	98
273.732	n/a	136866	36
274.534	n/a	137267	102
274.662	n/a	137331	252
275.674	n/a	137837	103
276.694	n/a	138347	101
277.596	n/a	138798	11
277.996	n/a	138998	98
278.396	n/a	139198	12
278.796	n/a	139398	13
279.196	n/a	139598	14
279.598	n/a	139799	15
279.998	n/a	139999	98
280.398	n/a	140199	98
280.798	n/a	140399	16
281.478	n/a	140739	251
281.598	n/a	140799	102
282.558	n/a	141279	251
283.57	n/a	141785	103
284.59	n/a	142295	101
285.492	n/a	142746	11
285.892	n/a	142946	12
286.292	n/a	143146	13
286.692	n/a	143346	14
287.092	n/a	143546	15
287.492	n/a	143746	98
287.892	n/a	143946	98
288.294	n/a	144147	16
289.094	n/a	144547	102
289.342	n/a	144671	251
290.354	n/a	145177	103
291.376	n/a	145688	101
292.276	n/a	146138	81
292.676	n/a	146338	82
293.076	n/a	146538	83
293.476	n/a	146738	84
293.878	n/a	146939	85
294.278	n/a	147139	98
294.678	n/a	147339	86
295.478	n/a	147739	102
295.682	n/a	147841	252
296.69	n/a	148345	103
297.71	n/a	148855	101
298.61	n/a	149305	81
299.01	n/a	149505	98
299.412	n/a	149706	82
299.812	n/a	149906	83
300.212	n/a	150106	84
300.612	n/a	150306	85
301.012	n/a	150506	98
301.412	n/a	150706	98
301.812	n/a	150906	86
302.614	n/a	151307	102
302.894	n/a	151447	252
303.904	n/a	151952	103
304.926	n/a	152463	101
305.826	n/a	152913	21
306.226	n/a	153113	22
306.626	n/a	153313	23
307.026	n/a	153513	24
307.428	n/a	153714	25
307.828	n/a	153914	98
308.228	n/a	154114	98
308.628	n/a	154314	26
309.428	n/a	154714	102
309.862	n/a	154931	251
310.87	n/a	155435	103
311.89	n/a	155945	101
312.79	n/a	156395	41
313.192	n/a	156596	98
313.592	n/a	156796	42
313.992	n/a	156996	43
314.392	n/a	157196	44
314.792	n/a	157396	45
315.192	n/a	157596	98
315.592	n/a	157796	98
315.994	n/a	157997	98
316.394	n/a	158197	98
316.794	n/a	158397	46
317.594	n/a	158797	102
318.15	n/a	159075	252
319.166	n/a	159583	103
320.186	n/a	160093	101
321.086	n/a	160543	71
321.488	n/a	160744	72
321.888	n/a	160944	73
322.288	n/a	161144	74
322.688	n/a	161344	75
323.088	n/a	161544	98
323.488	n/a	161744	98
323.888	n/a	161944	98
324.29	n/a	162145	76
325.09	n/a	162545	102
325.418	n/a	162709	252
326.43	n/a	163215	103
327.452	n/a	163726	101
328.352	n/a	164176	21
328.752	n/a	164376	98
329.152	n/a	164576	22
329.552	n/a	164776	23
329.954	n/a	164977	24
330.354	n/a	165177	25
330.754	n/a	165377	98
331.154	n/a	165577	26
331.954	n/a	165977	102
332.358	n/a	166179	251
333.366	n/a	166683	103
334.386	n/a	167193	101
335.288	n/a	167644	21
335.688	n/a	167844	22
336.088	n/a	168044	23
336.488	n/a	168244	24
336.888	n/a	168444	25
337.288	n/a	168644	26
338.09	n/a	169045	102
338.386	n/a	169193	251
339.4	n/a	169700	103
340.42	n/a	170210	101
341.322	n/a	170661	81
341.732	n/a	170866	82
342.132	n/a	171066	83
342.532	n/a	171266	84
342.932	n/a	171466	85
343.332	n/a	171666	86
344.134	n/a	172067	102
344.71	n/a	172355	251
345.724	n/a	172862	103
346.746	n/a	173373	101
347.646	n/a	173823	71
348.046	n/a	174023	72
348.446	n/a	174223	73
348.846	n/a	174423	74
349.248	n/a	174624	75
349.648	n/a	174824	98
350.048	n/a	175024	76
350.848	n/a	175424	102
351.11	n/a	175555	252
352.12	n/a	176060	103
353.14	n/a	176570	101
354.04	n/a	177020	41
354.44	n/a	177220	42
354.842	n/a	177421	43
355.242	n/a	177621	44
355.642	n/a	177821	45
356.042	n/a	178021	98
356.442	n/a	178221	98
356.842	n/a	178421	98
357.242	n/a	178621	46
358.044	n/a	179022	102
358.222	n/a	179111	252
359.234	n/a	179617	103
360.256	n/a	180128	101
361.156	n/a	180578	31
361.556	n/a	180778	32
361.956	n/a	180978	33
362.356	n/a	181178	34
362.756	n/a	181378	35
363.158	n/a	181579	98
363.558	n/a	181779	36
364.358	n/a	182179	102
364.474	n/a	182237	252
365.488	n/a	182744	103
366.51	n/a	183255	101
367.41	n/a	183705	61
367.81	n/a	183905	98
368.21	n/a	184105	62
368.612	n/a	184306	63
369.012	n/a	184506	64
369.412	n/a	184706	65
369.812	n/a	184906	98
370.212	n/a	185106	98
370.612	n/a	185306	98
371.012	n/a	185506	66
371.814	n/a	185907	102
371.93	n/a	185965	251
372.944	n/a	186472	103
373.964	n/a	186982	101
374.866	n/a	187433	31
375.266	n/a	187633	32
375.666	n/a	187833	33
376.066	n/a	188033	34
376.466	n/a	188233	35
376.868	n/a	188434	98
377.268	n/a	188634	98
377.668	n/a	188834	36
378.468	n/a	189234	102
378.702	n/a	189351	252
379.71	n/a	189855	103
380.73	n/a	190365	101
381.63	n/a	190815	71
382.03	n/a	191015	98
382.432	n/a	191216	72
382.832	n/a	191416	73
383.232	n/a	191616	74
383.632	n/a	191816	75
384.032	n/a	192016	98
384.432	n/a	192216	98
384.832	n/a	192416	76
385.634	n/a	192817	102
386.546	n/a	193273	252
387.554	n/a	193777	103
388.576	n/a	194288	101
389.476	n/a	194738	61
389.876	n/a	194938	62
390.276	n/a	195138	63
390.676	n/a	195338	64
391.078	n/a	195539	65
391.478	n/a	195739	98
391.878	n/a	195939	66
392.678	n/a	196339	102
392.774	n/a	196387	251
393.79	n/a	196895	103
394.81	n/a	197405	101
395.71	n/a	197855	41
396.11	n/a	198055	42
396.512	n/a	198256	43
396.912	n/a	198456	44
397.312	n/a	198656	45
397.712	n/a	198856	98
398.112	n/a	199056	98
398.512	n/a	199256	98
398.912	n/a	199456	46
399.714	n/a	199857	102
399.97	n/a	199985	252
400.984	n/a	200492	103
402.006	n/a	201003	101
402.906	n/a	201453	61
403.306	n/a	201653	62
403.706	n/a	201853	63
404.106	n/a	202053	64
404.506	n/a	202253	65
404.908	n/a	202454	66
405.708	n/a	202854	102
406.026	n/a	203013	251
407.038	n/a	203519	103
408.06	n/a	204030	101
408.96	n/a	204480	41
409.36	n/a	204680	42
409.76	n/a	204880	43
410.16	n/a	205080	44
410.562	n/a	205281	45
410.962	n/a	205481	98
411.362	n/a	205681	98
411.762	n/a	205881	46
412.562	n/a	206281	102
412.77	n/a	206385	252
413.784	n/a	206892	103
414.804	n/a	207402	101
415.704	n/a	207852	11
416.106	n/a	208053	12
416.506	n/a	208253	13
416.906	n/a	208453	14
417.306	n/a	208653	15
417.706	n/a	208853	98
418.106	n/a	209053	16
418.908	n/a	209454	102
419.042	n/a	209521	251
420.058	n/a	210029	103
421.078	n/a	210539	101
421.98	n/a	210990	61
422.38	n/a	211190	62
422.78	n/a	211390	63
423.18	n/a	211590	64
423.58	n/a	211790	65
423.982	n/a	211991	66
424.782	n/a	212391	102
425.086	n/a	212543	251
426.102	n/a	213051	103
427.124	n/a	213562	101
428.024	n/a	214012	51
428.424	n/a	214212	52
428.824	n/a	214412	53
429.224	n/a	214612	54
429.626	n/a	214813	55
430.026	n/a	215013	98
430.426	n/a	215213	98
430.826	n/a	215413	98
431.226	n/a	215613	56
432.026	n/a	216013	102
432.25	n/a	216125	252
433.258	n/a	216629	103
434.278	n/a	217139	101
435.18	n/a	217590	71
435.58	n/a	217790	72
435.98	n/a	217990	73
436.38	n/a	218190	74
436.78	n/a	218390	75
437.18	n/a	218590	98
437.58	n/a	218790	98
437.982	n/a	218991	98
438.382	n/a	219191	98
438.782	n/a	219391	76
439.582	n/a	219791	102
439.762	n/a	219881	252
440.774	n/a	220387	103
441.794	n/a	220897	101
442.694	n/a	221347	31
443.094	n/a	221547	98
443.496	n/a	221748	32
443.896	n/a	221948	33
444.296	n/a	222148	34
444.696	n/a	222348	35
445.096	n/a	222548	36
445.896	n/a	222948	102
446.154	n/a	223077	252
447.168	n/a	223584	103
448.188	n/a	224094	101
449.09	n/a	224545	21
449.49	n/a	224745	98
449.89	n/a	224945	22
450.29	n/a	225145	23
450.69	n/a	225345	24
451.09	n/a	225545	25
451.49	n/a	225745	98
451.892	n/a	225946	26
452.692	n/a	226346	102
452.858	n/a	226429	251
453.872	n/a	226936	103
454.894	n/a	227447	101
455.794	n/a	227897	21
456.194	n/a	228097	22
456.594	n/a	228297	23
456.994	n/a	228497	24
457.396	n/a	228698	25
457.796	n/a	228898	98
458.196	n/a	229098	98
458.596	n/a	229298	98
458.996	n/a	229498	98
459.396	n/a	229698	26
460.198	n/a	230099	102
460.27	n/a	230135	252
461.278	n/a	230639	103
462.298	n/a	231149	101
463.2	n/a	231600	51
463.6	n/a	231800	98
464	n/a	232000	52
464.4	n/a	232200	53
464.8	n/a	232400	54
465.2	n/a	232600	55
465.6	n/a	232800	98
466.002	n/a	233001	98
466.402	n/a	233201	98
466.802	n/a	233401	98
467.202	n/a	233601	98
467.602	n/a	233801	56
468.402	n/a	234201	102
468.53	n/a	234265	251
469.544	n/a	234772	103
470.564	n/a	235282	101
471.466	n/a	235733	21
471.866	n/a	235933	22
472.266	n/a	236133	23
472.666	n/a	236333	24
473.066	n/a	236533	25
473.466	n/a	236733	98
473.866	n/a	236933	98
474.268	n/a	237134	26
475.068	n/a	237534	102
475.326	n/a	237663	251
476.338	n/a	238169	103
477.36	n/a	238680	101
478.26	n/a	239130	51
478.66	n/a	239330	98
479.06	n/a	239530	52
479.46	n/a	239730	53
479.862	n/a	239931	54
480.262	n/a	240131	55
480.662	n/a	240331	98
481.062	n/a	240531	56
481.862	n/a	240931	102
482.05	n/a	241025	251
483.064	n/a	241532	103
484.084	n/a	242042	101
484.984	n/a	242492	21
485.386	n/a	242693	22
485.786	n/a	242893	23
486.186	n/a	243093	24
486.586	n/a	243293	25
486.986	n/a	243493	98
487.386	n/a	243693	26
488.188	n/a	244094	102
488.466	n/a	244233	251
489.478	n/a	244739	103
490.498	n/a	245249	101
491.4	n/a	245700	31
491.8	n/a	245900	32
492.2	n/a	246100	33
492.6	n/a	246300	34
493	n/a	246500	35
493.402	n/a	246701	98
493.802	n/a	246901	36
494.602	n/a	247301	102
494.858	n/a	247429	252
495.872	n/a	247936	130
498.874	n/a	249437	130
499.33	n/a	249665	250
500.346	n/a	250173	103
501.366	n/a	250683	101
502.268	n/a	251134	41
502.668	n/a	251334	42
503.068	n/a	251534	43
503.468	n/a	251734	44
503.868	n/a	251934	45
504.268	n/a	252134	46
505.07	n/a	252535	102
505.294	n/a	252647	252
506.31	n/a	253155	103
507.332	n/a	253666	101
508.232	n/a	254116	31
508.632	n/a	254316	98
509.032	n/a	254516	32
509.432	n/a	254716	33
509.832	n/a	254916	34
510.234	n/a	255117	35
510.634	n/a	255317	36
511.434	n/a	255717	102
511.642	n/a	255821	252
512.654	n/a	256327	103
513.676	n/a	256838	101
514.576	n/a	257288	11
514.976	n/a	257488	98
515.376	n/a	257688	12
515.778	n/a	257889	13
516.178	n/a	258089	14
516.578	n/a	258289	15
516.978	n/a	258489	98
517.378	n/a	258689	98
517.778	n/a	258889	16
518.58	n/a	259290	102
518.778	n/a	259389	251
519.79	n/a	259895	103
520.81	n/a	260405	101
521.712	n/a	260856	81
522.112	n/a	261056	82
522.512	n/a	261256	83
522.912	n/a	261456	84
523.312	n/a	261656	85
523.712	n/a	261856	98
524.114	n/a	262057	86
524.914	n/a	262457	102
525.138	n/a	262569	252
526.154	n/a	263077	103
527.176	n/a	263588	101
528.076	n/a	264038	61
528.476	n/a	264238	62
528.876	n/a	264438	63
529.276	n/a	264638	64
529.678	n/a	264839	65
530.078	n/a	265039	66
530.878	n/a	265439	102
530.982	n/a	265491	251
531.998	n/a	265999	103
533.02	n/a	266510	101
533.92	n/a	266960	11
534.32	n/a	267160	98
534.72	n/a	267360	12
535.122	n/a	267561	13
535.522	n/a	267761	14
535.922	n/a	267961	15
536.322	n/a	268161	16
537.122	n/a	268561	102
537.214	n/a	268607	251
538.224	n/a	269112	103
539.244	n/a	269622	101
540.144	n/a	270072	81
540.546	n/a	270273	82
540.946	n/a	270473	83
541.346	n/a	270673	84
541.746	n/a	270873	85
542.146	n/a	271073	98
542.546	n/a	271273	86
543.346	n/a	271673	102
543.762	n/a	271881	251
544.778	n/a	272389	103
545.798	n/a	272899	101
546.7	n/a	273350	81
547.1	n/a	273550	98
547.5	n/a	273750	82
547.9	n/a	273950	83
548.3	n/a	274150	84
548.7	n/a	274350	85
549.102	n/a	274551	98
549.502	n/a	274751	98
549.902	n/a	274951	86
550.702	n/a	275351	102
550.766	n/a	275383	252
551.784	n/a	275892	103
552.804	n/a	276402	101
553.704	n/a	276852	11
554.104	n/a	277052	98
554.506	n/a	277253	12
554.906	n/a	277453	13
555.306	n/a	277653	14
555.706	n/a	277853	15
556.106	n/a	278053	98
556.506	n/a	278253	98
556.906	n/a	278453	98
557.308	n/a	278654	16
557.934	n/a	278967	251
558.108	n/a	279054	102
558.936	n/a	279468	251
559.948	n/a	279974	103
560.97	n/a	280485	101
561.87	n/a	280935	61
562.27	n/a	281135	62
562.67	n/a	281335	63
563.072	n/a	281536	64
563.472	n/a	281736	65
563.872	n/a	281936	98
564.272	n/a	282136	98
564.672	n/a	282336	98
565.072	n/a	282536	66
565.874	n/a	282937	102
566.014	n/a	283007	251
567.024	n/a	283512	103
568.044	n/a	284022	101
568.946	n/a	284473	71
569.346	n/a	284673	98
569.746	n/a	284873	72
570.146	n/a	285073	73
570.546	n/a	285273	74
570.946	n/a	285473	75
571.348	n/a	285674	98
571.748	n/a	285874	76
572.548	n/a	286274	102
572.626	n/a	286313	252
573.638	n/a	286819	103
574.66	n/a	287330	101
575.56	n/a	287780	81
575.96	n/a	287980	98
576.36	n/a	288180	82
576.762	n/a	288381	83
577.162	n/a	288581	84
577.562	n/a	288781	85
577.962	n/a	288981	86
578.762	n/a	289381	102
578.99	n/a	289495	252
580.004	n/a	290002	103
581.024	n/a	290512	101
581.924	n/a	290962	51
582.326	n/a	291163	98
582.726	n/a	291363	52
583.126	n/a	291563	53
583.526	n/a	291763	54
583.926	n/a	291963	55
584.326	n/a	292163	56
585.128	n/a	292564	102
585.266	n/a	292633	251
586.278	n/a	293139	103
587.298	n/a	293649	101
588.2	n/a	294100	11
588.6	n/a	294300	12
589	n/a	294500	13
589.4	n/a	294700	14
589.8	n/a	294900	15
590.2	n/a	295100	98
590.602	n/a	295301	98
591.002	n/a	295501	16
591.802	n/a	295901	102
591.918	n/a	295959	251
592.932	n/a	296466	103
593.954	n/a	296977	101
594.854	n/a	297427	31
595.254	n/a	297627	98
595.654	n/a	297827	32
596.056	n/a	298028	33
596.456	n/a	298228	34
596.856	n/a	298428	35
597.256	n/a	298628	98
597.656	n/a	298828	98
598.056	n/a	299028	98
598.456	n/a	299228	36
599.258	n/a	299629	102
599.458	n/a	299729	251
600.468	n/a	300234	103
601.488	n/a	300744	101
602.39	n/a	301195	11
602.79	n/a	301395	12
603.19	n/a	301595	13
603.59	n/a	301795	14
603.99	n/a	301995	15
604.392	n/a	302196	98
604.792	n/a	302396	16
605.592	n/a	302796	102
605.83	n/a	302915	251
606.842	n/a	303421	103
607.864	n/a	303932	101
608.764	n/a	304382	51
609.164	n/a	304582	98
609.564	n/a	304782	52
609.966	n/a	304983	53
610.366	n/a	305183	54
610.766	n/a	305383	55
611.166	n/a	305583	98
611.566	n/a	305783	56
612.35	n/a	306175	251
612.366	n/a	306183	102
613.352	n/a	306676	251
614.368	n/a	307184	103
615.388	n/a	307694	101
616.29	n/a	308145	31
616.69	n/a	308345	98
617.09	n/a	308545	32
617.49	n/a	308745	33
617.89	n/a	308945	34
618.29	n/a	309145	35
618.692	n/a	309346	98
619.092	n/a	309546	36
619.892	n/a	309946	102
620.106	n/a	310053	252
621.124	n/a	310562	103
622.144	n/a	311072	101
623.044	n/a	311522	61
623.444	n/a	311722	62
623.846	n/a	311923	63
624.246	n/a	312123	64
624.646	n/a	312323	65
625.046	n/a	312523	98
625.446	n/a	312723	98
625.846	n/a	312923	66
626.646	n/a	313323	102
626.834	n/a	313417	251
627.848	n/a	313924	103
628.868	n/a	314434	101
629.77	n/a	314885	81
630.17	n/a	315085	82
630.57	n/a	315285	83
630.97	n/a	315485	84
631.37	n/a	315685	85
631.77	n/a	315885	86
632.572	n/a	316286	102
632.822	n/a	316411	252
633.832	n/a	316916	103
634.852	n/a	317426	101
635.754	n/a	317877	71
636.154	n/a	318077	98
636.554	n/a	318277	72
636.954	n/a	318477	73
637.354	n/a	318677	74
637.754	n/a	318877	75
638.156	n/a	319078	76
638.956	n/a	319478	102
639.118	n/a	319559	252
640.126	n/a	320063	103
641.148	n/a	320574	101
642.048	n/a	321024	61
642.448	n/a	321224	62
642.848	n/a	321424	63
643.248	n/a	321624	64
643.65	n/a	321825	65
644.05	n/a	322025	98
644.45	n/a	322225	66
645.25	n/a	322625	102
645.498	n/a	322749	251
646.512	n/a	323256	103
647.532	n/a	323766	101
648.432	n/a	324216	11
648.834	n/a	324417	98
649.234	n/a	324617	12
649.634	n/a	324817	13
650.034	n/a	325017	14
650.434	n/a	325217	15
650.834	n/a	325417	98
651.234	n/a	325617	98
651.636	n/a	325818	98
652.036	n/a	326018	98
652.436	n/a	326218	16
653.236	n/a	326618	102
653.402	n/a	326701	251
654.418	n/a	327209	103
655.438	n/a	327719	101
656.338	n/a	328169	71
656.738	n/a	328369	72
657.138	n/a	328569	73
657.54	n/a	328770	74
657.94	n/a	328970	75
658.34	n/a	329170	76
659.14	n/a	329570	102
659.63	n/a	329815	252
660.642	n/a	330321	103
661.662	n/a	330831	101
662.562	n/a	331281	11
662.964	n/a	331482	12
663.364	n/a	331682	13
663.764	n/a	331882	14
664.164	n/a	332082	15
664.564	n/a	332282	98
664.964	n/a	332482	16
665.766	n/a	332883	102
665.966	n/a	332983	251
666.976	n/a	333488	130
669.978	n/a	334989	130
670.626	n/a	335313	250
671.64	n/a	335820	103
672.66	n/a	336330	101
673.56	n/a	336780	41
673.962	n/a	336981	98
674.362	n/a	337181	42
674.762	n/a	337381	43
675.162	n/a	337581	44
675.562	n/a	337781	45
675.962	n/a	337981	98
676.362	n/a	338181	98
676.764	n/a	338382	98
677.164	n/a	338582	98
677.564	n/a	338782	46
678.364	n/a	339182	102
678.57	n/a	339285	252
679.586	n/a	339793	103
680.606	n/a	340303	101
681.506	n/a	340753	41
681.906	n/a	340953	42
682.308	n/a	341154	43
682.708	n/a	341354	44
683.108	n/a	341554	45
683.508	n/a	341754	98
683.908	n/a	341954	46
684.708	n/a	342354	102
684.914	n/a	342457	252
685.93	n/a	342965	103
686.95	n/a	343475	101
687.852	n/a	343926	41
688.252	n/a	344126	42
688.652	n/a	344326	43
689.052	n/a	344526	44
689.452	n/a	344726	45
689.852	n/a	344926	98
690.252	n/a	345126	46
691.054	n/a	345527	102
691.274	n/a	345637	252
692.284	n/a	346142	103
693.306	n/a	346653	101
694.206	n/a	347103	71
694.606	n/a	347303	72
695.006	n/a	347503	73
695.406	n/a	347703	74
695.806	n/a	347903	75
696.208	n/a	348104	98
696.608	n/a	348304	98
697.008	n/a	348504	98
697.408	n/a	348704	76
698.208	n/a	349104	102
698.678	n/a	349339	252
699.69	n/a	349845	103
700.71	n/a	350355	101
701.61	n/a	350805	61
702.012	n/a	351006	98
702.412	n/a	351206	62
702.812	n/a	351406	63
703.212	n/a	351606	64
703.612	n/a	351806	65
704.012	n/a	352006	98
704.414	n/a	352207	66
705.214	n/a	352607	102
705.454	n/a	352727	251
706.464	n/a	353232	103
707.486	n/a	353743	101
708.386	n/a	354193	21
708.786	n/a	354393	22
709.186	n/a	354593	23
709.586	n/a	354793	24
709.988	n/a	354994	25
710.388	n/a	355194	26
711.188	n/a	355594	102
711.394	n/a	355697	251
712.408	n/a	356204	103
713.43	n/a	356715	101
714.33	n/a	357165	31
714.73	n/a	357365	98
715.13	n/a	357565	32
715.532	n/a	357766	33
715.932	n/a	357966	34
716.332	n/a	358166	35
716.732	n/a	358366	98
717.132	n/a	358566	36
717.932	n/a	358966	102
718.202	n/a	359101	252
719.214	n/a	359607	103
720.234	n/a	360117	101
721.136	n/a	360568	31
721.536	n/a	360768	32
721.936	n/a	360968	33
722.336	n/a	361168	34
722.736	n/a	361368	35
723.136	n/a	361568	98
723.536	n/a	361768	98
723.938	n/a	361969	36
724.738	n/a	362369	102
724.83	n/a	362415	252
725.838	n/a	362919	103
726.86	n/a	363430	101
727.76	n/a	363880	41
728.16	n/a	364080	98
728.56	n/a	364280	42
728.96	n/a	364480	43
729.362	n/a	364681	44
729.762	n/a	364881	45
730.162	n/a	365081	98
730.562	n/a	365281	98
730.962	n/a	365481	98
731.362	n/a	365681	46
732.162	n/a	366081	102
732.374	n/a	366187	252
733.384	n/a	366692	103
734.404	n/a	367202	101
735.306	n/a	367653	21
735.706	n/a	367853	98
736.106	n/a	368053	22
736.506	n/a	368253	23
736.906	n/a	368453	24
737.306	n/a	368653	25
737.708	n/a	368854	98
738.108	n/a	369054	26
738.908	n/a	369454	102
739.034	n/a	369517	251
740.048	n/a	370024	103
741.07	n/a	370535	101
741.97	n/a	370985	81
742.37	n/a	371185	98
742.77	n/a	371385	82
743.17	n/a	371585	83
743.572	n/a	371786	84
743.972	n/a	371986	85
744.372	n/a	372186	98
744.772	n/a	372386	98
745.172	n/a	372586	98
745.572	n/a	372786	86
746.374	n/a	373187	102
746.61	n/a	373305	252
747.624	n/a	373812	103
748.644	n/a	374322	101
749.546	n/a	374773	11
749.946	n/a	374973	98
750.346	n/a	375173	12
750.746	n/a	375373	13
751.146	n/a	375573	14
751.548	n/a	375774	15
751.948	n/a	375974	16
752.748	n/a	376374	102
753.054	n/a	376527	252
754.068	n/a	377034	103
755.09	n/a	377545	101
755.99	n/a	377995	31
756.39	n/a	378195	32
756.79	n/a	378395	33
757.192	n/a	378596	34
757.592	n/a	378796	35
757.992	n/a	378996	98
758.392	n/a	379196	36
759.192	n/a	379596	102
759.602	n/a	379801	252
760.614	n/a	380307	103
761.634	n/a	380817	101
762.534	n/a	381267	71
762.936	n/a	381468	72
763.336	n/a	381668	73
763.736	n/a	381868	74
764.136	n/a	382068	75
764.536	n/a	382268	76
765.336	n/a	382668	102
765.55	n/a	382775	251
766.558	n/a	383279	103
767.578	n/a	383789	101
768.48	n/a	384240	41
768.88	n/a	384440	98
769.28	n/a	384640	42
769.68	n/a	384840	43
770.08	n/a	385040	44
770.48	n/a	385240	45
770.88	n/a	385440	98
771.282	n/a	385641	98
771.682	n/a	385841	98
772.082	n/a	386041	98
772.482	n/a	386241	46
773.282	n/a	386641	102
773.446	n/a	386723	252
774.464	n/a	387232	103
775.484	n/a	387742	101
776.384	n/a	388192	51
776.786	n/a	388393	98
777.186	n/a	388593	52
777.586	n/a	388793	53
777.986	n/a	388993	54
778.386	n/a	389193	55
778.786	n/a	389393	98
779.186	n/a	389593	98
779.588	n/a	389794	56
780.388	n/a	390194	102
780.438	n/a	390219	251
781.448	n/a	390724	103
782.47	n/a	391235	101
783.37	n/a	391685	11
783.77	n/a	391885	98
784.17	n/a	392085	12
784.57	n/a	392285	13
784.972	n/a	392486	14
785.372	n/a	392686	15
785.772	n/a	392886	98
786.172	n/a	393086	16
786.972	n/a	393486	102
787.166	n/a	393583	251
788.174	n/a	394087	103
789.194	n/a	394597	101
790.094	n/a	395047	61
790.496	n/a	395248	62
790.896	n/a	395448	63
791.296	n/a	395648	64
791.696	n/a	395848	65
792.096	n/a	396048	66
792.896	n/a	396448	102
793.138	n/a	396569	251
794.148	n/a	397074	103
795.168	n/a	397584	101
796.07	n/a	398035	71
796.47	n/a	398235	72
796.87	n/a	398435	73
797.27	n/a	398635	74
797.67	n/a	398835	75
798.07	n/a	399035	98
798.47	n/a	399235	98
798.872	n/a	399436	76
799.672	n/a	399836	102
799.978	n/a	399989	252
800.992	n/a	400496	103
802.014	n/a	401007	101
802.914	n/a	401457	41
803.314	n/a	401657	98
803.714	n/a	401857	42
804.114	n/a	402057	43
804.516	n/a	402258	44
804.916	n/a	402458	45
805.316	n/a	402658	98
805.716	n/a	402858	98
806.116	n/a	403058	46
806.916	n/a	403458	102
807.23	n/a	403615	251
808.238	n/a	404119	103
809.258	n/a	404629	101
810.16	n/a	405080	21
810.56	n/a	405280	22
810.96	n/a	405480	23
811.36	n/a	405680	24
811.76	n/a	405880	25
812.16	n/a	406080	26
812.962	n/a	406481	102
813.07	n/a	406535	251
814.082	n/a	407041	103
815.102	n/a	407551	101
816.004	n/a	408002	81
816.404	n/a	408202	82
816.804	n/a	408402	83
817.204	n/a	408602	84
817.604	n/a	408802	85
818.004	n/a	409002	98
818.406	n/a	409203	98
818.806	n/a	409403	98
819.206	n/a	409603	98
819.606	n/a	409803	86
820.406	n/a	410203	102
820.59	n/a	410295	252
821.598	n/a	410799	103
822.618	n/a	411309	101
823.518	n/a	411759	51
823.92	n/a	411960	98
824.32	n/a	412160	52
824.72	n/a	412360	53
825.12	n/a	412560	54
825.52	n/a	412760	55
825.92	n/a	412960	98
826.32	n/a	413160	98
826.722	n/a	413361	98
827.122	n/a	413561	98
827.522	n/a	413761	56
828.322	n/a	414161	102
828.446	n/a	414223	251
829.464	n/a	414732	103
830.484	n/a	415242	101
831.384	n/a	415692	71
831.784	n/a	415892	72
832.186	n/a	416093	73
832.586	n/a	416293	74
832.986	n/a	416493	75
833.386	n/a	416693	98
833.786	n/a	416893	98
834.186	n/a	417093	98
834.586	n/a	417293	76
835.388	n/a	417694	102
835.61	n/a	417805	252
836.618	n/a	418309	103
837.64	n/a	418820	101
838.54	n/a	419270	61
838.94	n/a	419470	62
839.34	n/a	419670	63
839.74	n/a	419870	64
840.14	n/a	420070	65
840.542	n/a	420271	98
840.942	n/a	420471	98
841.342	n/a	420671	98
841.742	n/a	420871	66
842.542	n/a	421271	102
842.898	n/a	421449	251
843.914	n/a	421957	130
866.384	n/a	433192	250
867.39	n/a	433695	130
869.462	n/a	434731	250
870.472	n/a	435236	103
871.494	n/a	435747	101
872.394	n/a	436197	99
872.794	n/a	436397	99
873.194	n/a	436597	99
873.594	n/a	436797	99
873.996	n/a	436998	99
874.396	n/a	437198	99
874.796	n/a	437398	99
875.534	n/a	437767	251
875.896	n/a	437948	102
876.536	n/a	438268	251
877.548	n/a	438774	103
878.568	n/a	439284	101
879.47	n/a	439735	111
879.87	n/a	439935	112
880.27	n/a	440135	98
880.67	n/a	440335	98
881.07	n/a	440535	113
881.47	n/a	440735	114
881.87	n/a	440935	115
882.272	n/a	441136	116
883.034	n/a	441517	252
883.072	n/a	441536	102
884.036	n/a	442018	252
885.054	n/a	442527	103
886.074	n/a	443037	101
886.974	n/a	443487	121
887.374	n/a	443687	98
887.776	n/a	443888	122
888.176	n/a	444088	123
888.576	n/a	444288	124
888.976	n/a	444488	125
889.376	n/a	444688	126
890.176	n/a	445088	102
890.51	n/a	445255	252
891.518	n/a	445759	103
892.538	n/a	446269	101
893.44	n/a	446720	121
893.84	n/a	446920	122
894.24	n/a	447120	98
894.64	n/a	447320	123
895.04	n/a	447520	124
895.44	n/a	447720	125
895.84	n/a	447920	126
896.642	n/a	448321	102
897.166	n/a	448583	252
898.182	n/a	449091	103
899.204	n/a	449602	101
900.104	n/a	450052	111
900.504	n/a	450252	112
900.904	n/a	450452	98
901.304	n/a	450652	98
901.706	n/a	450853	113
902.106	n/a	451053	114
902.506	n/a	451253	115
902.906	n/a	451453	116
903.706	n/a	451853	102
903.902	n/a	451951	252
904.918	n/a	452459	103
905.938	n/a	452969	101
906.838	n/a	453419	111
907.24	n/a	453620	112
907.64	n/a	453820	98
908.04	n/a	454020	98
908.44	n/a	454220	113
908.84	n/a	454420	114
909.24	n/a	454620	115
909.64	n/a	454820	98
910.042	n/a	455021	116
910.842	n/a	455421	102
910.874	n/a	455437	252
911.882	n/a	455941	103
912.904	n/a	456452	101
913.804	n/a	456902	111
914.204	n/a	457102	112
914.604	n/a	457302	98
915.004	n/a	457502	98
915.406	n/a	457703	98
915.806	n/a	457903	113
916.206	n/a	458103	114
916.606	n/a	458303	115
917.006	n/a	458503	116
917.806	n/a	458903	102
917.808	n/a	458904	252
918.818	n/a	459409	103
919.838	n/a	459919	101
920.738	n/a	460369	111
921.14	n/a	460570	112
921.54	n/a	460770	98
921.94	n/a	460970	113
922.34	n/a	461170	114
922.74	n/a	461370	115
923.14	n/a	461570	98
923.54	n/a	461770	116
924.342	n/a	462171	102
925.242	n/a	462621	252
926.252	n/a	463126	103
927.274	n/a	463637	101
928.174	n/a	464087	121
928.574	n/a	464287	122
928.974	n/a	464487	98
929.376	n/a	464688	123
929.776	n/a	464888	124
930.176	n/a	465088	125
930.576	n/a	465288	98
930.976	n/a	465488	126
931.776	n/a	465888	102
931.958	n/a	465979	251
932.968	n/a	466484	103
933.988	n/a	466994	101
934.89	n/a	467445	121
935.29	n/a	467645	98
935.69	n/a	467845	98
936.09	n/a	468045	98
936.49	n/a	468245	122
936.89	n/a	468445	123
937.29	n/a	468645	124
937.692	n/a	468846	125
938.092	n/a	469046	98
938.492	n/a	469246	126
939.292	n/a	469646	102
939.542	n/a	469771	251
940.554	n/a	470277	103
941.574	n/a	470787	101
942.474	n/a	471237	111
942.874	n/a	471437	98
943.276	n/a	471638	98
943.676	n/a	471838	112
944.076	n/a	472038	113
944.476	n/a	472238	114
944.876	n/a	472438	115
945.276	n/a	472638	98
945.676	n/a	472838	116
946.478	n/a	473239	102
946.546	n/a	473273	251
947.558	n/a	473779	103
948.578	n/a	474289	101
949.48	n/a	474740	111
949.88	n/a	474940	112
950.28	n/a	475140	98
950.68	n/a	475340	98
951.08	n/a	475540	113
951.482	n/a	475741	114
951.882	n/a	475941	115
952.282	n/a	476141	116
953.082	n/a	476541	102
953.338	n/a	476669	251
954.354	n/a	477177	103
955.374	n/a	477687	101
956.274	n/a	478137	111
956.674	n/a	478337	112
957.076	n/a	478538	98
957.476	n/a	478738	98
957.876	n/a	478938	113
958.276	n/a	479138	114
958.676	n/a	479338	115
959.076	n/a	479538	116
959.878	n/a	479939	102
960.09	n/a	480045	252
961.098	n/a	480549	103
962.118	n/a	481059	101
963.02	n/a	481510	111
963.42	n/a	481710	98
963.82	n/a	481910	112
964.22	n/a	482110	113
964.62	n/a	482310	114
965.02	n/a	482510	115
965.422	n/a	482711	98
965.822	n/a	482911	98
966.222	n/a	483111	116
967.022	n/a	483511	102
967.118	n/a	483559	252
968.134	n/a	484067	103
969.154	n/a	484577	101
970.054	n/a	485027	121
970.454	n/a	485227	98
970.856	n/a	485428	122
971.256	n/a	485628	98
971.656	n/a	485828	98
972.056	n/a	486028	123
972.456	n/a	486228	124
972.856	n/a	486428	125
973.256	n/a	486628	98
973.658	n/a	486829	126
974.458	n/a	487229	102
974.642	n/a	487321	251
975.658	n/a	487829	103
976.68	n/a	488340	101
977.58	n/a	488790	121
977.98	n/a	488990	122
978.38	n/a	489190	98
978.78	n/a	489390	123
979.18	n/a	489590	124
979.582	n/a	489791	125
979.982	n/a	489991	126
980.782	n/a	490391	102
981.022	n/a	490511	251
982.034	n/a	491017	103
983.054	n/a	491527	101
983.954	n/a	491977	111
984.354	n/a	492177	112
984.756	n/a	492378	98
985.156	n/a	492578	98
985.556	n/a	492778	113
985.956	n/a	492978	114
986.356	n/a	493178	115
986.756	n/a	493378	98
987.156	n/a	493578	116
987.958	n/a	493979	102
988.126	n/a	494063	252
989.138	n/a	494569	103
990.158	n/a	495079	101
991.06	n/a	495530	111
991.46	n/a	495730	112
991.86	n/a	495930	98
992.26	n/a	496130	113
992.66	n/a	496330	114
993.06	n/a	496530	115
993.462	n/a	496731	116
994.262	n/a	497131	102
994.446	n/a	497223	252
995.462	n/a	497731	103
996.484	n/a	498242	101
997.384	n/a	498692	111
997.784	n/a	498892	112
998.184	n/a	499092	98
998.586	n/a	499293	113
998.986	n/a	499493	114
999.386	n/a	499693	115
999.786	n/a	499893	116
1000.586	n/a	500293	102
1000.722	n/a	500361	252
1001.738	n/a	500869	103
1002.758	n/a	501379	101
1003.658	n/a	501829	121
1004.058	n/a	502029	122
1004.46	n/a	502230	98
1004.86	n/a	502430	123
1005.26	n/a	502630	124
1005.66	n/a	502830	125
1006.06	n/a	503030	98
1006.46	n/a	503230	126
1007.262	n/a	503631	102
1007.378	n/a	503689	251
1008.392	n/a	504196	103
1009.412	n/a	504706	101
1010.314	n/a	505157	121
1010.714	n/a	505357	122
1011.114	n/a	505557	98
1011.514	n/a	505757	123
1011.914	n/a	505957	124
1012.314	n/a	506157	125
1012.716	n/a	506358	126
1013.516	n/a	506758	102
1013.882	n/a	506941	251
1014.896	n/a	507448	103
1015.918	n/a	507959	101
1016.818	n/a	508409	111
1017.218	n/a	508609	112
1017.618	n/a	508809	98
1018.018	n/a	509009	113
1018.42	n/a	509210	114
1018.82	n/a	509410	115
1019.22	n/a	509610	116
1020.02	n/a	510010	102
1020.314	n/a	510157	251
1021.332	n/a	510666	103
1022.352	n/a	511176	101
1023.252	n/a	511626	111
1023.654	n/a	511827	112
1024.054	n/a	512027	98
1024.454	n/a	512227	98
1024.854	n/a	512427	113
1025.254	n/a	512627	114
1025.654	n/a	512827	115
1026.054	n/a	513027	98
1026.456	n/a	513228	98
1026.856	n/a	513428	116
1027.656	n/a	513828	102
1027.99	n/a	513995	252
1029.006	n/a	514503	103
1030.028	n/a	515014	101
1030.928	n/a	515464	121
1031.328	n/a	515664	98
1031.728	n/a	515864	98
1032.13	n/a	516065	122
1032.53	n/a	516265	98
1032.93	n/a	516465	123
1033.33	n/a	516665	124
1033.73	n/a	516865	125
1034.13	n/a	517065	126
1034.932	n/a	517466	102
1035.198	n/a	517599	251
1036.212	n/a	518106	103
1037.232	n/a	518616	101
1038.134	n/a	519067	121
1038.534	n/a	519267	122
1038.934	n/a	519467	98
1039.334	n/a	519667	123
1039.734	n/a	519867	124
1040.134	n/a	520067	125
1040.536	n/a	520268	126
1041.336	n/a	520668	102
1041.946	n/a	520973	251
1042.956	n/a	521478	103
1043.978	n/a	521989	101
1044.878	n/a	522439	121
1045.278	n/a	522639	122
1045.678	n/a	522839	98
1046.08	n/a	523040	123
1046.48	n/a	523240	124
1046.88	n/a	523440	125
1047.28	n/a	523640	98
1047.68	n/a	523840	126
1048.48	n/a	524240	102
1048.662	n/a	524331	251
1049.672	n/a	524836	103
1050.692	n/a	525346	101
1051.594	n/a	525797	111
1051.994	n/a	525997	112
1052.394	n/a	526197	98
1052.794	n/a	526397	113
1053.194	n/a	526597	114
1053.594	n/a	526797	115
1053.994	n/a	526997	98
1054.396	n/a	527198	116
1055.196	n/a	527598	102
1055.306	n/a	527653	252
1056.316	n/a	528158	103
1057.338	n/a	528669	101
1058.238	n/a	529119	111
1058.638	n/a	529319	112
1059.038	n/a	529519	98
1059.438	n/a	529719	113
1059.84	n/a	529920	114
1060.24	n/a	530120	115
1060.64	n/a	530320	98
1061.04	n/a	530520	116
1061.674	n/a	530837	252
1061.84	n/a	530920	102
1062.722	n/a	531361	252
1063.732	n/a	531866	103
1064.752	n/a	532376	101
1065.654	n/a	532827	111
1066.054	n/a	533027	112
1066.454	n/a	533227	98
1066.854	n/a	533427	98
1067.254	n/a	533627	98
1067.654	n/a	533827	113
1068.056	n/a	534028	114
1068.456	n/a	534228	115
1068.856	n/a	534428	116
1069.656	n/a	534828	102
1069.83	n/a	534915	252
1070.848	n/a	535424	103
1071.868	n/a	535934	101
1072.768	n/a	536384	121
1073.168	n/a	536584	122
1073.568	n/a	536784	98
1073.97	n/a	536985	123
1074.37	n/a	537185	124
1074.77	n/a	537385	125
1075.17	n/a	537585	98
1075.57	n/a	537785	126
1076.372	n/a	538186	102
1076.466	n/a	538233	251
1077.482	n/a	538741	103
1078.502	n/a	539251	101
1079.404	n/a	539702	111
1079.804	n/a	539902	112
1080.204	n/a	540102	98
1080.604	n/a	540302	98
1081.004	n/a	540502	98
1081.404	n/a	540702	113
1081.804	n/a	540902	114
1082.206	n/a	541103	115
1082.606	n/a	541303	116
1083.406	n/a	541703	102
1083.63	n/a	541815	252
1084.646	n/a	542323	130
1087.65	n/a	543825	130
1090.654	n/a	545327	250
1091.662	n/a	545831	103
1092.682	n/a	546341	101
1093.584	n/a	546792	111
1093.984	n/a	546992	98
1094.384	n/a	547192	112
1094.784	n/a	547392	98
1095.184	n/a	547592	113
1095.584	n/a	547792	114
1095.986	n/a	547993	115
1096.386	n/a	548193	116
1097.186	n/a	548593	102
1097.45	n/a	548725	252
1098.466	n/a	549233	103
1099.488	n/a	549744	101
1100.388	n/a	550194	121
1100.788	n/a	550394	122
1101.188	n/a	550594	98
1101.59	n/a	550795	98
1101.99	n/a	550995	123
1102.39	n/a	551195	124
1102.79	n/a	551395	125
1103.19	n/a	551595	126
1103.99	n/a	551995	102
1104.202	n/a	552101	251
1105.212	n/a	552606	103
1106.232	n/a	553116	101
1107.134	n/a	553567	111
1107.534	n/a	553767	98
1107.934	n/a	553967	112
1108.334	n/a	554167	98
1108.734	n/a	554367	113
1109.134	n/a	554567	114
1109.534	n/a	554767	115
1109.936	n/a	554968	98
1110.336	n/a	555168	98
1110.736	n/a	555368	116
1111.536	n/a	555768	102
1111.778	n/a	555889	251
1112.788	n/a	556394	103
1113.808	n/a	556904	101
1114.708	n/a	557354	111
1115.108	n/a	557554	98
1115.51	n/a	557755	112
1115.91	n/a	557955	113
1116.31	n/a	558155	114
1116.71	n/a	558355	115
1117.11	n/a	558555	98
1117.51	n/a	558755	116
1118.312	n/a	559156	102
1118.498	n/a	559249	252
1119.512	n/a	559756	103
1120.532	n/a	560266	101
1121.434	n/a	560717	121
1121.834	n/a	560917	122
1122.234	n/a	561117	98
1122.634	n/a	561317	123
1123.034	n/a	561517	124
1123.434	n/a	561717	125
1123.836	n/a	561918	126
1124.636	n/a	562318	102
1124.922	n/a	562461	251
1125.936	n/a	562968	103
1126.958	n/a	563479	101
1127.858	n/a	563929	121
1128.258	n/a	564129	122
1128.658	n/a	564329	98
1129.06	n/a	564530	123
1129.46	n/a	564730	124
1129.86	n/a	564930	125
1130.26	n/a	565130	98
1130.66	n/a	565330	126
1131.46	n/a	565730	102
1131.95	n/a	565975	251
1132.962	n/a	566481	103
1133.982	n/a	566991	101
1134.884	n/a	567442	121
1135.284	n/a	567642	122
1135.684	n/a	567842	98
1136.084	n/a	568042	123
1136.484	n/a	568242	124
1136.884	n/a	568442	125
1137.284	n/a	568642	98
1137.686	n/a	568843	126
1138.486	n/a	569243	102
1138.73	n/a	569365	251
1139.746	n/a	569873	103
1140.768	n/a	570384	101
1141.668	n/a	570834	121
1142.068	n/a	571034	122
1142.468	n/a	571234	98
1142.868	n/a	571434	98
1143.27	n/a	571635	123
1143.67	n/a	571835	124
1144.07	n/a	572035	125
1144.47	n/a	572235	126
1145.27	n/a	572635	102
1145.482	n/a	572741	251
1146.492	n/a	573246	103
1147.512	n/a	573756	101
1148.412	n/a	574206	111
1148.814	n/a	574407	112
1149.214	n/a	574607	98
1149.614	n/a	574807	98
1150.014	n/a	575007	113
1150.414	n/a	575207	114
1150.814	n/a	575407	115
1151.214	n/a	575607	116
1152.016	n/a	576008	102
1152.306	n/a	576153	252
1153.316	n/a	576658	103
1154.338	n/a	577169	101
1155.238	n/a	577619	121
1155.638	n/a	577819	98
1156.038	n/a	578019	122
1156.438	n/a	578219	98
1156.838	n/a	578419	98
1157.24	n/a	578620	123
1157.64	n/a	578820	124
1158.04	n/a	579020	125
1158.44	n/a	579220	126
1159.24	n/a	579620	102
1159.498	n/a	579749	252
1160.512	n/a	580256	103
1161.532	n/a	580766	101
1162.432	n/a	581216	121
1162.834	n/a	581417	98
1163.234	n/a	581617	122
1163.634	n/a	581817	98
1164.034	n/a	582017	98
1164.434	n/a	582217	123
1164.834	n/a	582417	124
1165.236	n/a	582618	125
1165.636	n/a	582818	98
1166.036	n/a	583018	126
1166.836	n/a	583418	102
1167.026	n/a	583513	251
1168.038	n/a	584019	103
1169.058	n/a	584529	101
1169.958	n/a	584979	111
1170.358	n/a	585179	112
1170.758	n/a	585379	98
1171.16	n/a	585580	98
1171.56	n/a	585780	98
1171.96	n/a	585980	113
1172.36	n/a	586180	98
1172.76	n/a	586380	114
1173.16	n/a	586580	115
1173.56	n/a	586780	98
1173.962	n/a	586981	116
1174.762	n/a	587381	102
1175.102	n/a	587551	251
1176.112	n/a	588056	103
1177.134	n/a	588567	101
1178.034	n/a	589017	121
1178.434	n/a	589217	122
1178.834	n/a	589417	98
1179.236	n/a	589618	98
1179.636	n/a	589818	98
1180.036	n/a	590018	123
1180.436	n/a	590218	124
1180.836	n/a	590418	125
1181.236	n/a	590618	126
1182.038	n/a	591019	102
1182.29	n/a	591145	251
1183.298	n/a	591649	103
1184.318	n/a	592159	101
1185.22	n/a	592610	121
1185.62	n/a	592810	122
1186.02	n/a	593010	98
1186.42	n/a	593210	98
1186.82	n/a	593410	98
1187.22	n/a	593610	123
1187.622	n/a	593811	124
1188.022	n/a	594011	125
1188.422	n/a	594211	98
1188.822	n/a	594411	126
1189.622	n/a	594811	102
1189.946	n/a	594973	251
1190.954	n/a	595477	103
1191.974	n/a	595987	101
1192.874	n/a	596437	111
1193.276	n/a	596638	98
1193.676	n/a	596838	112
1194.076	n/a	597038	98
1194.476	n/a	597238	98
1194.876	n/a	597438	113
1195.276	n/a	597638	114
1195.676	n/a	597838	115
1196.078	n/a	598039	98
1196.478	n/a	598239	98
1196.878	n/a	598439	116
1197.678	n/a	598839	102
1198.01	n/a	599005	252
1199.02	n/a	599510	103
1200.04	n/a	600020	101
1200.94	n/a	600470	121
1201.342	n/a	600671	122
1201.742	n/a	600871	98
1202.142	n/a	601071	98
1202.542	n/a	601271	98
1202.942	n/a	601471	98
1203.342	n/a	601671	123
1203.742	n/a	601871	124
1204.144	n/a	602072	125
1204.544	n/a	602272	126
1205.344	n/a	602672	102
1205.506	n/a	602753	251
1206.514	n/a	603257	103
1207.536	n/a	603768	101
1208.436	n/a	604218	121
1208.836	n/a	604418	98
1209.236	n/a	604618	122
1209.638	n/a	604819	98
1210.038	n/a	605019	123
1210.438	n/a	605219	124
1210.838	n/a	605419	125
1211.238	n/a	605619	126
1212.038	n/a	606019	102
1212.278	n/a	606139	251
1213.29	n/a	606645	103
1214.31	n/a	607155	101
1215.21	n/a	607605	111
1215.612	n/a	607806	112
1216.012	n/a	608006	98
1216.412	n/a	608206	98
1216.812	n/a	608406	113
1217.212	n/a	608606	114
1217.612	n/a	608806	115
1218.014	n/a	609007	98
1218.414	n/a	609207	116
1219.214	n/a	609607	102
1219.394	n/a	609697	252
1220.404	n/a	610202	103
1221.426	n/a	610713	101
1222.326	n/a	611163	121
1222.736	n/a	611368	122
1223.136	n/a	611568	98
1223.538	n/a	611769	123
1223.938	n/a	611969	124
1224.338	n/a	612169	125
1224.738	n/a	612369	126
1225.538	n/a	612769	102
1225.798	n/a	612899	251
1226.81	n/a	613405	103
1227.83	n/a	613915	101
1228.73	n/a	614365	111
1229.132	n/a	614566	112
1229.532	n/a	614766	98
1229.932	n/a	614966	113
1230.332	n/a	615166	114
1230.732	n/a	615366	115
1231.132	n/a	615566	98
1231.532	n/a	615766	116
1232.334	n/a	616167	102
1232.542	n/a	616271	252
1233.554	n/a	616777	103
1234.576	n/a	617288	101
1235.476	n/a	617738	111
1235.876	n/a	617938	98
1236.276	n/a	618138	112
1236.676	n/a	618338	98
1237.076	n/a	618538	98
1237.478	n/a	618739	113
1237.878	n/a	618939	114
1238.278	n/a	619139	115
1238.678	n/a	619339	116
1239.478	n/a	619739	102
1239.486	n/a	619743	251
1240.5	n/a	620250	103
1241.52	n/a	620760	101
1242.42	n/a	621210	111
1242.82	n/a	621410	112
1243.222	n/a	621611	98
1243.622	n/a	621811	98
1244.022	n/a	622011	113
1244.422	n/a	622211	114
1244.822	n/a	622411	115
1245.222	n/a	622611	98
1245.622	n/a	622811	116
1246.424	n/a	623212	102
1246.646	n/a	623323	252
1247.654	n/a	623827	103
1248.676	n/a	624338	101
1249.576	n/a	624788	111
1249.976	n/a	624988	98
1250.376	n/a	625188	112
1250.776	n/a	625388	98
1251.176	n/a	625588	113
1251.578	n/a	625789	114
1251.978	n/a	625989	115
1252.378	n/a	626189	98
1252.778	n/a	626389	116
1253.578	n/a	626789	102
1253.806	n/a	626903	252
1254.82	n/a	627410	103
1255.84	n/a	627920	101
1256.74	n/a	628370	121
1257.142	n/a	628571	122
1257.542	n/a	628771	123
1257.942	n/a	628971	124
1258.342	n/a	629171	125
1258.742	n/a	629371	98
1259.142	n/a	629571	98
1259.542	n/a	629771	126
1260.344	n/a	630172	102
1260.594	n/a	630297	251
1261.604	n/a	630802	103
1262.626	n/a	631313	101
1263.526	n/a	631763	121
1263.926	n/a	631963	122
1264.326	n/a	632163	98
1264.726	n/a	632363	98
1265.128	n/a	632564	123
1265.528	n/a	632764	124
1265.928	n/a	632964	125
1266.328	n/a	633164	126
1267.128	n/a	633564	102
1267.222	n/a	633611	251
1268.24	n/a	634120	103
1269.26	n/a	634630	101
1270.16	n/a	635080	111
1270.56	n/a	635280	112
1270.962	n/a	635481	98
1271.362	n/a	635681	98
1271.762	n/a	635881	113
1272.162	n/a	636081	114
1272.562	n/a	636281	115
1272.962	n/a	636481	116
1273.764	n/a	636882	102
1274.07	n/a	637035	252
1275.084	n/a	637542	103
1276.104	n/a	638052	101
1277.006	n/a	638503	121
1277.406	n/a	638703	122
1277.806	n/a	638903	98
1278.206	n/a	639103	98
1278.606	n/a	639303	123
1279.006	n/a	639503	124
1279.408	n/a	639704	125
1279.808	n/a	639904	126
1280.608	n/a	640304	102
1280.858	n/a	640429	251
1281.87	n/a	640935	103
1282.89	n/a	641445	101
1283.79	n/a	641895	121
1284.19	n/a	642095	122
1284.592	n/a	642296	98
1284.992	n/a	642496	98
1285.392	n/a	642696	123
1285.792	n/a	642896	124
1286.192	n/a	643096	125
1286.592	n/a	643296	98
1286.992	n/a	643496	126
1287.794	n/a	643897	102
1288.01	n/a	644005	251
1289.024	n/a	644512	103
1290.044	n/a	645022	101
1290.946	n/a	645473	121
1291.346	n/a	645673	122
1291.746	n/a	645873	98
1292.146	n/a	646073	123
1292.546	n/a	646273	124
1292.948	n/a	646474	125
1293.348	n/a	646674	126
1294.148	n/a	647074	102
1294.334	n/a	647167	251
1295.348	n/a	647674	103
1296.37	n/a	648185	101
1297.27	n/a	648635	121
1297.67	n/a	648835	122
1298.07	n/a	649035	98
1298.472	n/a	649236	123
1298.872	n/a	649436	124
1299.272	n/a	649636	125
1299.672	n/a	649836	126
1300.472	n/a	650236	102
1300.734	n/a	650367	251
1301.744	n/a	650872	134
1304.746	n/a	652373	134
1312.762	n/a	656381	134
